Config,Epoch train time [s],Batch size
ALIF512R,1320.920508,512
ALIF256F-ALIF256R,668.0210522,512
ALIF512R sparse,118.2748769,512
ALIF256F-ALIF256R sparse,96.61419515,512
